{
  "分析时间": "2025-09-03T01:36:57.803973",
  "数据类型": "演示数据",
  "分析结果": {
    "总比赛数": 268,
    "联赛数量": 6,
    "平均场均进球": 2.000402404014359,
    "整体主场胜率": 0.38513649714407344,
    "赔率预测准确率": 0.8022388059701493
  },
  "联赛详情": {
    "英超": {
      "比赛场次": 46,
      "场均进球": 2.57,
      "主场胜率": 0.435,
      "平局率": 0.152,
      "客场胜率": 0.413
    },
    "西甲": {
      "比赛场次": 41,
      "场均进球": 1.8,
      "主场胜率": 0.268,
      "平局率": 0.293,
      "客场胜率": 0.439
    },
    "德甲": {
      "比赛场次": 43,
      "场均进球": 1.93,
      "主场胜率": 0.419,
      "平局率": 0.14,
      "客场胜率": 0.442
    },
    "意甲": {
      "比赛场次": 48,
      "场均进球": 1.58,
      "主场胜率": 0.25,
      "平局率": 0.438,
      "客场胜率": 0.312
    },
    "法甲": {
      "比赛场次": 47,
      "场均进球": 1.72,
      "主场胜率": 0.404,
      "平局率": 0.255,
      "客场胜率": 0.34
    },
    "英冠": {
      "比赛场次": 43,
      "场均进球": 2.4,
      "主场胜率": 0.535,
      "平局率": 0.093,
      "客场胜率": 0.372
    }
  }
}